n,Python Merge Sort (s),Rust Bogo Sort (s)
1,0.033600,5.031000
2,0.032400,4.988800
3,0.029000,4.988400
4,0.028400,4.990200
5,0.030600,4.988800
6,0.028400,4.988600
7,0.030000,4.990400
8,0.028000,4.993200
9,0.027600,5.014600
10,0.027000,5.338000
11,0.027000,14.637800
