n,Python Merge Sort (s),Rust Bogo Sort (s)
1,0.000001,0.049
2,0.000003,0.049
3,0.000005,0.05
4,0.000006,0.049
5,0.000008,0.049
6,0.000010,0.049
7,0.000011,0.051
