n,Python Merge Sort (s),Rust Bogo Sort (s)
1,0.027400,0.003000
2,0.027200,0.003400
3,0.026200,0.003400
4,0.027600,0.003000
5,0.027800,0.003000
6,0.026000,0.003000
7,0.027800,0.003600
8,0.027400,0.006400
9,0.027400,0.043000
10,0.027600,0.344000
11,0.027600,4.362000
