n,Python Merge Sort (s),Rust Bogo Sort (s)
1,0.000001,5.043
2,0.000003,4.839
3,0.000005,4.839
4,0.000007,4.839
5,0.000008,4.839
6,0.000009,4.841
7,0.000010,4.841
8,0.000011,4.842
9,0.000012,4.974
10,0.000013,5.06
11,0.000013,8.15
