n,Python Merge Sort (s),Rust Bogo Sort (s)
1,0.000001,0.003200
2,0.000003,0.003400
3,0.000006,0.003200
4,0.000007,0.003400
5,0.000008,0.003400
6,0.000009,0.003200
7,0.000011,0.004000
8,0.000011,0.010200
9,0.000012,0.025200
10,0.000012,0.157000
11,0.000013,2.135800
