n,Python Merge Sort (s),Rust Bogo Sort (s)
1,0.000001,5.182000
2,0.000003,5.143600
3,0.000006,5.143200
4,0.000007,5.143400
5,0.000008,5.143000
6,0.000009,5.143600
7,0.000010,5.143200
8,0.000011,5.146000
9,0.000012,5.197000
10,0.000013,6.038000
11,0.000014,7.444600
