n,Python Merge Sort (s),Rust Bogo Sort (s)
1,0.000004,0.004
2,0.000003,0.004
3,0.000006,0.003
4,0.000007,0.003
5,0.000009,0.004
6,0.000009,0.003
7,0.000012,0.004
8,0.000011,0.004
9,0.000011,0.074
10,0.000013,0.044
11,0.000013,0.582
