n,Python Merge Sort (s),Rust Bogo Sort (s)
1,0.000000,0.004
2,0.000003,0.003
3,0.000005,0.003
4,0.000006,0.003
5,0.000008,0.003
6,0.000009,0.003
7,0.000011,0.004
